kênh,chi phí,ngày
GT,267857,01/08/2026
GT,314572,02/08/2026
GT,269411,03/08/2026
GT,339727,04/08/2026
GT,249527,05/08/2026
GT,305349,06/08/2026
GT,329552,07/08/2026
GT,288225,08/08/2026
GT,324234,09/08/2026
GT,272750,10/08/2026
GT,353231,11/08/2026
GT,346320,12/08/2026
GT,217952,13/08/2026
GT,265667,14/08/2026
GT,317118,15/08/2026
GT,345576,16/08/2026
GT,311950,17/08/2026
GT,300061,18/08/2026
GT,315588,19/08/2026
GT,274860,20/08/2026
GT,320638,21/08/2026
GT,227880,22/08/2026
GT,263656,23/08/2026
GT,325467,24/08/2026
GT,299315,25/08/2026
GT,323364,26/08/2026
GT,231858,27/08/2026
GT,339793,28/08/2026
GT,313849,29/08/2026
GT,342750,30/08/2026
GT,355414,31/08/2026
GT,304663,01/09/2026
GT,318668,02/09/2026
GT,319374,03/09/2026
GT,174266,04/09/2026
GT,345532,05/09/2026
GT,306764,06/09/2026
GT,262158,07/09/2026
GT,262215,08/09/2026
GT,357622,09/09/2026
GT,313206,10/09/2026
GT,193382,11/09/2026
GT,299712,12/09/2026
GT,352067,13/09/2026
GT,374042,14/09/2026
GT,317021,15/09/2026
GT,286381,16/09/2026
GT,231177,17/09/2026
GT,326170,18/09/2026
GT,209891,19/09/2026
GT,306538,20/09/2026
GT,317378,21/09/2026
GT,362870,22/09/2026
GT,252802,23/09/2026
GT,530659,24/09/2026
GT,397688,25/09/2026
GT,605429,26/09/2026
GT,705615,27/09/2026
GT,872277,28/09/2026
GT,777483,29/09/2026
GT,643870,30/09/2026
