ID đơn hàng,ID sản phẩm,Tên sản phẩm,Sku,Id Sku,Sku người bán,Giá,Payment Amount,Đơn vị tiền tệ,Số lượng,Phương thức thanh toán,Trạng thái đơn hàng,Cơ sở hoa hồng ước tính,Cơ sở hoa hồng thực tế,Tỷ lệ hoa hồng (%),Thanh toán hoa hồng ước tính,Thanh toán hoa hồng thực tế,Tỷ lệ hoa hồng Quảng cáo cửa hàng,Thanh toán hoa hồng Quảng cáo cửa hàng ước tính,Thanh toán hoa hồng Quảng cáo cửa hàng thực tế,Mã ID chiến dịch đối tác,ID Đối tác liên kết,Tên Đối tác liên kết,Tỷ lệ hoa hồng của Đối tác liên kết,Hoa hồng ước tính cho Đối tác liên kết,Hoa hồng thực tế cho Đối tác liên kết,Trả hàng & hoàn tiền,Hoàn tiền,Thời gian đã tạo,Thời gian thanh toán,Thời gian sẵn sàng vận chuyển,Order Delivery Time,Thời gian hoàn thành đơn hàng,Thời gian hoa hồng đã thanh toán,Platform
584317131574249224,1732251815880067292,"Sữa Tắm Pháp Le Petit Marseillais Cho Nam Chiết Xuất Thiên Nhiên 4in1 Nhiều Mùi Hương Dưỡng Ẩm, Thơm Lâu - Phù Hợp Mọi Loại Da (250ml)","Hương Thông & Bạch Đàn Biển, Standard",1732251749141154012,ST01356,204000,307200,VND,1,Thanh toán khi giao hàng,Đã hoàn thành,204000,204000,,,,,,,7600974001888790292,8648654774975564550,PTG,15,30600,30600,0,0,02/06/2026 10:00,04/06/2026 18:49,02/06/2026 10:00,04/06/2026 18:49,20/06/2026 02:24,07/06/2026 09:11,TTS
584321027995698263,1732251815880067292,"Sữa Tắm Pháp Le Petit Marseillais Cho Nam Chiết Xuất Thiên Nhiên 4in1 Nhiều Mùi Hương Dưỡng Ẩm, Thơm Lâu - Phù Hợp Mọi Loại Da (250ml)","Hương Gỗ Tuyết Tùng & Dương Xỉ, Standard",1732251749141219548,ST01172,247000,274000,VND,1,Không áp dụng thanh toán khi giao hàng,Đã hoàn thành,247000,247000,,,,,,,7522393551116994320,8648765294494321413,Ecomobi MCN,8,19760,19760,0,0,02/06/2026 14:20,02/06/2026 14:21,02/06/2026 14:21,03/06/2026 09:16,19/06/2026 04:08,06/06/2026 13:49,TTS
584321226348660596,1732251815880067292,"Sữa Tắm Pháp Le Petit Marseillais Cho Nam Chiết Xuất Thiên Nhiên 4in1 Nhiều Mùi Hương Dưỡng Ẩm, Thơm Lâu - Phù Hợp Mọi Loại Da (250ml)","Hương Cam & Tinh Dầu Argan, Standard",1732251749141022940,ST01431,250240,286000,VND,1,Không áp dụng thanh toán khi giao hàng,Đã hoàn thành,250240,250240,,,,,,,7522393551116994320,8648765294494321413,Ecomobi MCN,8,20019,20019,0,0,02/06/2026 14:34,02/06/2026 14:35,02/06/2026 14:35,03/06/2026 11:45,19/06/2026 00:29,06/06/2026 08:23,TTS
584323176563312588,1732251815880067292,"Sữa Tắm Pháp Le Petit Marseillais Cho Nam Chiết Xuất Thiên Nhiên 4in1 Nhiều Mùi Hương Dưỡng Ẩm, Thơm Lâu - Phù Hợp Mọi Loại Da (250ml)","Hương Cam & Tinh Dầu Argan, Standard",1732251749141022940,ST01431,237000,274000,VND,1,Không áp dụng thanh toán khi giao hàng,Đã hoàn thành,237000,237000,,,,,,,7522393551116994320,8648765294494321413,Ecomobi MCN,8,18960,18960,0,0,02/06/2026 16:55,02/06/2026 16:55,02/06/2026 16:55,04/06/2026 18:16,20/06/2026 02:20,07/06/2026 08:35,TTS
584327894289187918,1732250928810920156,"Sữa Tắm/Gel Tắm Pháp Le Petit Marseillais Thiên Nhiên 250ml - Sữa Tắm Lưu Hương Lành Tính - Dịu Nhẹ, An Toàn Cho Da","Bạc Hà, Standard",1732250914984855772,ST92871,210000,307200,VND,1,Thanh toán khi giao hàng,Đã hủy,210000,,,,,,,,7522393551116994320,8648765294494321413,Ecomobi MCN,8,16800,,0,0,02/06/2026 21:48,,02/06/2026 21:48,,,,TTS
584328488384169094,1732250928810920156,"Sữa Tắm/Gel Tắm Pháp Le Petit Marseillais Thiên Nhiên 250ml - Sữa Tắm Lưu Hương Lành Tính - Dịu Nhẹ, An Toàn Cho Da","Dừa, Standard",1732250914985314524,ST54494,200000,274000,VND,1,Không áp dụng thanh toán khi giao hàng,Đã hoàn thành,200000,200000,,,,,,,7522393551116994320,8648765294494321413,Ecomobi MCN,8,16000,16000,0,0,02/06/2026 22:23,02/06/2026 22:24,02/06/2026 22:24,04/06/2026 10:19,20/06/2026 02:00,07/06/2026 11:44,TTS
584332486230050493,1732250928810920156,"Sữa Tắm/Gel Tắm Pháp Le Petit Marseillais Thiên Nhiên 250ml - Sữa Tắm Lưu Hương Lành Tính - Dịu Nhẹ, An Toàn Cho Da","Đào Trắng & Quả Xuân Đào, Standard",1732250914985380060,ST01240,210000,302300,VND,1,Thanh toán khi giao hàng,Đã hoàn thành,210000,210000,,,,8,16800,16800,7522393551116994320,8648765294494321413,Ecomobi MCN,,,,0,0,03/06/2026 07:53,04/06/2026 21:17,03/06/2026 07:53,04/06/2026 21:17,20/06/2026 03:16,07/06/2026 10:34,TTS
584335766178596269,1732251815880067292,"Sữa Tắm Pháp Le Petit Marseillais Cho Nam Chiết Xuất Thiên Nhiên 4in1 Nhiều Mùi Hương Dưỡng Ẩm, Thơm Lâu - Phù Hợp Mọi Loại Da (250ml)","Khoáng Chất & Gỗ Hoàng Đàn, Standard",1732251749140957404,ST01318,200000,307200,VND,1,Thanh toán khi giao hàng,Đã hoàn thành,200000,200000,,,,8,16000,16000,7522393551116994320,8648765294494321413,Ecomobi MCN,,,,0,0,03/06/2026 11:36,04/06/2026 22:10,03/06/2026 11:36,04/06/2026 22:10,20/06/2026 03:08,07/06/2026 09:22,TTS
584336120450942339,1732251815880067292,"Sữa Tắm Pháp Le Petit Marseillais Cho Nam Chiết Xuất Thiên Nhiên 4in1 Nhiều Mùi Hương Dưỡng Ẩm, Thơm Lâu - Phù Hợp Mọi Loại Da (250ml)","Hương Gỗ Tuyết Tùng & Dương Xỉ, Standard",1732251749141219548,ST01172,200000,274000,VND,1,Thanh toán khi giao hàng,Đã hủy,200000,,,,,,,,7522393551116994320,8648765294494321413,Ecomobi MCN,8,16000,,0,0,03/06/2026 12:03,,03/06/2026 12:03,,,,TTS
584337526340945283,1732251815880067292,"Sữa Tắm Pháp Le Petit Marseillais Cho Nam Chiết Xuất Thiên Nhiên 4in1 Nhiều Mùi Hương Dưỡng Ẩm, Thơm Lâu - Phù Hợp Mọi Loại Da (250ml)","Hương Gỗ Tuyết Tùng & Dương Xỉ, Standard",1732251749141219548,ST01172,180000,274000,VND,1,Thanh toán khi giao hàng,Đã hủy,180000,,,,,,,,7522393551116994320,8648765294494321413,Ecomobi MCN,8,14400,,0,0,03/06/2026 13:28,,03/06/2026 13:28,,,,TTS
584337610260252035,1732251815880067292,"Sữa Tắm Pháp Le Petit Marseillais Cho Nam Chiết Xuất Thiên Nhiên 4in1 Nhiều Mùi Hương Dưỡng Ẩm, Thơm Lâu - Phù Hợp Mọi Loại Da (250ml)","Hương Gỗ Tuyết Tùng & Dương Xỉ, Standard",1732251749141219548,ST01172,170000,274000,VND,1,Thanh toán khi giao hàng,Đã hoàn thành,170000,170000,,,,,,,7522393551116994320,8648765294494321413,Ecomobi MCN,8,13600,13600,0,0,03/06/2026 13:30,04/06/2026 10:47,03/06/2026 13:30,04/06/2026 10:47,20/06/2026 03:34,07/06/2026 13:14,TTS
584338757591795337,1732251815880067292,"Sữa Tắm Pháp Le Petit Marseillais Cho Nam Chiết Xuất Thiên Nhiên 4in1 Nhiều Mùi Hương Dưỡng Ẩm, Thơm Lâu - Phù Hợp Mọi Loại Da (250ml)","Hương Gỗ Tuyết Tùng & Dương Xỉ, Standard",1732251749141219548,ST01172,168000,463800,VND,2,Thanh toán khi giao hàng,Đã hoàn thành,336000,336000,,,,8,26880,26880,7522393551116994320,8648765294494321413,Ecomobi MCN,,,,0,0,03/06/2026 14:46,04/06/2026 19:38,03/06/2026 14:46,04/06/2026 19:38,20/06/2026 03:37,07/06/2026 11:09,TTS
584344051122341751,1732251815880067292,"Sữa Tắm Pháp Le Petit Marseillais Cho Nam Chiết Xuất Thiên Nhiên 4in1 Nhiều Mùi Hương Dưỡng Ẩm, Thơm Lâu - Phù Hợp Mọi Loại Da (250ml)","Hương Gỗ Tuyết Tùng & Dương Xỉ, Standard",1732251749141219548,ST01172,180000,302300,VND,1,Thanh toán khi giao hàng,Đã hủy,180000,,,,,8,14400,,7522393551116994320,8648765294494321413,Ecomobi MCN,,,,0,0,03/06/2026 20:22,,03/06/2026 20:23,,,,TTS
584352277816706819,1732250928810920156,"Sữa Tắm/Gel Tắm Pháp Le Petit Marseillais Thiên Nhiên 250ml - Sữa Tắm Lưu Hương Lành Tính - Dịu Nhẹ, An Toàn Cho Da","Đào Trắng & Quả Xuân Đào, Standard",1732250914985380060,ST01240,176000,302200,VND,1,Thanh toán khi giao hàng,Đã hoàn thành,176000,176000,,,,,,,7522393551116994320,8648765294494321413,Ecomobi MCN,8,14080,14080,0,0,04/06/2026 10:04,06/06/2026 12:53,04/06/2026 10:04,06/06/2026 12:53,22/06/2026 01:24,09/06/2026 16:23,TTS
584355074740225364,1732251815880067292,"Sữa Tắm Pháp Le Petit Marseillais Cho Nam Chiết Xuất Thiên Nhiên 4in1 Nhiều Mùi Hương Dưỡng Ẩm, Thơm Lâu - Phù Hợp Mọi Loại Da (250ml)","Hương Gừng & Gỗ Bách, Standard",1732251749141285084,ST04371,174250,279900,VND,1,Thanh toán khi giao hàng,Đã hoàn thành,174250,174250,,,,8,13940,13940,7522393551116994320,8648765294494321413,Ecomobi MCN,,,,0,0,04/06/2026 12:56,05/06/2026 15:51,04/06/2026 12:56,05/06/2026 15:51,21/06/2026 04:00,08/06/2026 07:28,TTS
584355096764384596,1732251815880067292,"Sữa Tắm Pháp Le Petit Marseillais Cho Nam Chiết Xuất Thiên Nhiên 4in1 Nhiều Mùi Hương Dưỡng Ẩm, Thơm Lâu - Phù Hợp Mọi Loại Da (250ml)","Hương Thông & Bạch Đàn Biển, Standard",1732251749141154012,ST01356,174250,279900,VND,1,Thanh toán khi giao hàng,Đã hoàn thành,174250,174250,,,,8,13940,13940,7522393551116994320,8648765294494321413,Ecomobi MCN,,,,0,0,04/06/2026 12:57,05/06/2026 15:51,04/06/2026 12:57,05/06/2026 15:51,21/06/2026 01:28,08/06/2026 08:28,TTS
584355501584254672,1732251815880067292,"Sữa Tắm Pháp Le Petit Marseillais Cho Nam Chiết Xuất Thiên Nhiên 4in1 Nhiều Mùi Hương Dưỡng Ẩm, Thơm Lâu - Phù Hợp Mọi Loại Da (250ml)","Hương Gỗ Tuyết Tùng & Dương Xỉ, Standard",1732251749141219548,ST01172,174250,282450,VND,1,Thanh toán khi giao hàng,Đã hoàn thành,174250,174250,,,,8,13940,13940,7522393551116994320,8648765294494321413,Ecomobi MCN,,,,0,0,04/06/2026 13:27,05/06/2026 10:37,04/06/2026 13:27,05/06/2026 10:37,21/06/2026 05:30,08/06/2026 07:25,TTS
584358948406462321,1732250928810920156,"Sữa Tắm/Gel Tắm Pháp Le Petit Marseillais Thiên Nhiên 250ml - Sữa Tắm Lưu Hương Lành Tính - Dịu Nhẹ, An Toàn Cho Da","Đào Trắng & Quả Xuân Đào, Standard",1732250914985380060,ST01240,180400,286000,VND,1,Thanh toán khi giao hàng,Đã hoàn thành,180400,180400,,,,,,,7522393551116994320,8648765294494321413,Ecomobi MCN,8,14432,14432,0,0,04/06/2026 17:26,06/06/2026 18:29,04/06/2026 17:26,06/06/2026 18:29,22/06/2026 02:23,09/06/2026 13:26,TTS
584360017317889836,1732250928810920156,"Sữa Tắm/Gel Tắm Pháp Le Petit Marseillais Thiên Nhiên 250ml - Sữa Tắm Lưu Hương Lành Tính - Dịu Nhẹ, An Toàn Cho Da","Đào Trắng & Quả Xuân Đào, Standard",1732250914985380060,ST01240,157195,312000,VND,1,Thanh toán khi giao hàng,Đã hoàn thành,157195,157195,,,,,,,7522393551116994320,8648765294494321413,Ecomobi MCN,8,12576,12576,0,0,04/06/2026 18:40,09/06/2026 13:43,04/06/2026 18:40,09/06/2026 13:43,25/06/2026 00:05,12/06/2026 08:46,TTS
584362043483522242,1732250928810920156,"Sữa Tắm/Gel Tắm Pháp Le Petit Marseillais Thiên Nhiên 250ml - Sữa Tắm Lưu Hương Lành Tính - Dịu Nhẹ, An Toàn Cho Da","Quả Mâm Xôi & Hoa Mẫu Đơn, Standard",1732250914985052380,ST48441,180400,302300,VND,1,Thanh toán khi giao hàng,Đã hoàn thành,180400,180400,,,,,,,7522393551116994320,8648765294494321413,Ecomobi MCN,8,14432,14432,0,0,04/06/2026 20:26,06/06/2026 10:50,04/06/2026 20:26,06/06/2026 10:50,22/06/2026 01:45,09/06/2026 14:04,TTS
584362919999341614,1732251815880067292,"Sữa Tắm Pháp Le Petit Marseillais Cho Nam Chiết Xuất Thiên Nhiên 4in1 Nhiều Mùi Hương Dưỡng Ẩm, Thơm Lâu - Phù Hợp Mọi Loại Da (250ml)","Hương Gỗ Tuyết Tùng & Dương Xỉ, Standard",1732251749141219548,ST01172,210000,279900,VND,1,Thanh toán khi giao hàng,Đã hủy,210000,,,,,,,,7522393551116994320,8648765294494321413,Ecomobi MCN,8,16800,,0,0,04/06/2026 21:19,,04/06/2026 21:19,,,,TTS
584376011543643474,1732251815880067292,"Sữa Tắm Pháp Le Petit Marseillais Cho Nam Chiết Xuất Thiên Nhiên 4in1 Nhiều Mùi Hương Dưỡng Ẩm, Thơm Lâu - Phù Hợp Mọi Loại Da (250ml)","Hương Gỗ Tuyết Tùng & Dương Xỉ, Standard",1732251749141219548,ST01172,205000,286550,VND,1,Thanh toán khi giao hàng,Đã hoàn thành,205000,205000,,,,,,,7522393551116994320,8648765294494321413,Ecomobi MCN,8,16400,16400,0,0,05/06/2026 16:32,08/06/2026 12:54,05/06/2026 16:32,08/06/2026 12:54,24/06/2026 00:04,11/06/2026 13:26,TTS
584376410179929561,1732250928810920156,"Sữa Tắm/Gel Tắm Pháp Le Petit Marseillais Thiên Nhiên 250ml - Sữa Tắm Lưu Hương Lành Tính - Dịu Nhẹ, An Toàn Cho Da","Vani, Standard",1732250914985183452,ST00526,174250,285700,VND,1,Thanh toán khi giao hàng,Đã hoàn thành,174250,174250,,,,,,,7522393551116994320,8648765294494321413,Ecomobi MCN,8,13940,13940,0,0,05/06/2026 17:01,07/06/2026 19:40,05/06/2026 17:01,07/06/2026 19:40,23/06/2026 03:44,10/06/2026 13:18,TTS
584378242288092944,1732250928810920156,"Sữa Tắm/Gel Tắm Pháp Le Petit Marseillais Thiên Nhiên 250ml - Sữa Tắm Lưu Hương Lành Tính - Dịu Nhẹ, An Toàn Cho Da","Vani, Standard",1732250914985183452,ST00526,170000,286000,VND,1,Thanh toán khi giao hàng,Đã hoàn thành,170000,170000,,,,,,,7522393551116994320,8648765294494321413,Ecomobi MCN,8,13600,13600,0,0,05/06/2026 19:08,10/06/2026 12:19,05/06/2026 19:08,10/06/2026 12:19,26/06/2026 05:13,13/06/2026 08:26,TTS
584381710995850863,1732251815880067292,"Sữa Tắm Pháp Le Petit Marseillais Cho Nam Chiết Xuất Thiên Nhiên 4in1 Nhiều Mùi Hương Dưỡng Ẩm, Thơm Lâu - Phù Hợp Mọi Loại Da (250ml)","Hương Thông & Bạch Đàn Biển, Standard",1732251749141154012,ST01356,180400,289550,VND,1,Không áp dụng thanh toán khi giao hàng,Đã hủy,180400,,,,,8,14432,,7522393551116994320,8648765294494321413,Ecomobi MCN,,,,0,0,05/06/2026 22:13,05/06/2026 22:13,05/06/2026 22:13,,,,TTS
584382099634816499,1732251815880067292,"Sữa Tắm Pháp Le Petit Marseillais Cho Nam Chiết Xuất Thiên Nhiên 4in1 Nhiều Mùi Hương Dưỡng Ẩm, Thơm Lâu - Phù Hợp Mọi Loại Da (250ml)","Hương Gỗ Tuyết Tùng & Dương Xỉ, Standard",1732251749141219548,ST01172,205000,279900,VND,1,Thanh toán khi giao hàng,Đã hoàn thành,205000,205000,,,,,,,7522393551116994320,8648765294494321413,Ecomobi MCN,8,16400,16400,0,0,05/06/2026 22:35,07/06/2026 19:52,05/06/2026 22:35,07/06/2026 19:52,23/06/2026 05:23,10/06/2026 17:42,TTS
584387305869903457,1732250928810920156,"Sữa Tắm/Gel Tắm Pháp Le Petit Marseillais Thiên Nhiên 250ml - Sữa Tắm Lưu Hương Lành Tính - Dịu Nhẹ, An Toàn Cho Da","Xoài & Chanh Dây, Standard",1732250914984986844,ST99622,174250,291700,VND,1,Thanh toán khi giao hàng,Đã hoàn thành,174250,174250,,,,,,,7522393551116994320,8648765294494321413,Ecomobi MCN,8,13940,13940,0,0,06/06/2026 08:08,07/06/2026 20:35,06/06/2026 08:09,07/06/2026 20:35,23/06/2026 04:15,10/06/2026 11:10,TTS
584388016591439856,1732251815880067292,"Sữa Tắm Pháp Le Petit Marseillais Cho Nam Chiết Xuất Thiên Nhiên 4in1 Nhiều Mùi Hương Dưỡng Ẩm, Thơm Lâu - Phù Hợp Mọi Loại Da (250ml)","Hương Gỗ Tuyết Tùng & Dương Xỉ, Standard",1732251749141219548,ST01172,205000,295800,VND,1,Thanh toán khi giao hàng,Đã hoàn thành,205000,205000,,,,8,16400,16400,7522393551116994320,8648765294494321413,Ecomobi MCN,,,,0,0,06/06/2026 09:01,08/06/2026 10:00,06/06/2026 09:01,08/06/2026 10:00,24/06/2026 01:35,11/06/2026 09:27,TTS
584388606862198371,1732251815880067292,"Sữa Tắm Pháp Le Petit Marseillais Cho Nam Chiết Xuất Thiên Nhiên 4in1 Nhiều Mùi Hương Dưỡng Ẩm, Thơm Lâu - Phù Hợp Mọi Loại Da (250ml)","Hương Cam & Tinh Dầu Argan, Standard",1732251749141022940,ST01431,184500,279900,VND,1,Thanh toán khi giao hàng,Đã hoàn thành,184500,184500,,,,,,,7522393551116994320,8648765294494321413,Ecomobi MCN,8,14760,14760,0,0,06/06/2026 09:29,08/06/2026 14:30,06/06/2026 09:29,08/06/2026 14:30,24/06/2026 02:52,11/06/2026 18:08,TTS
584392257915487830,1732250928810920156,"Sữa Tắm/Gel Tắm Pháp Le Petit Marseillais Thiên Nhiên 250ml - Sữa Tắm Lưu Hương Lành Tính - Dịu Nhẹ, An Toàn Cho Da","Quả Mâm Xôi & Hoa Mẫu Đơn, Standard",1732250914985052380,ST48441,184500,302200,VND,1,Thanh toán khi giao hàng,Đã hoàn thành,184500,184500,,,,,,,7522393551116994320,8648765294494321413,Ecomobi MCN,8,14760,14760,0,0,06/06/2026 12:54,08/06/2026 20:09,06/06/2026 12:54,08/06/2026 20:09,24/06/2026 02:56,11/06/2026 16:12,TTS
584397583885108499,1732251815880067292,"Sữa Tắm Pháp Le Petit Marseillais Cho Nam Chiết Xuất Thiên Nhiên 4in1 Nhiều Mùi Hương Dưỡng Ẩm, Thơm Lâu - Phù Hợp Mọi Loại Da (250ml)","Hương Gỗ Tuyết Tùng & Dương Xỉ, Standard",1732251749141219548,ST01172,184500,275950,VND,1,Thanh toán khi giao hàng,Đã hoàn thành,184500,184500,,,,8,14760,14760,7522393551116994320,8648765294494321413,Ecomobi MCN,,,,0,0,06/06/2026 18:29,09/06/2026 10:26,06/06/2026 18:29,09/06/2026 10:26,25/06/2026 03:55,12/06/2026 12:00,TTS
584399202558313814,1732250928810920156,"Sữa Tắm/Gel Tắm Pháp Le Petit Marseillais Thiên Nhiên 250ml - Sữa Tắm Lưu Hương Lành Tính - Dịu Nhẹ, An Toàn Cho Da","Vani, Standard",1732250914985183452,ST00526,164000,286000,VND,1,Thanh toán khi giao hàng,Đã hoàn thành,164000,164000,,,,,,,7522393551116994320,8648765294494321413,Ecomobi MCN,8,13120,13120,0,0,06/06/2026 19:55,09/06/2026 22:01,06/06/2026 19:55,09/06/2026 22:01,25/06/2026 02:02,12/06/2026 14:58,TTS
584403315293390376,1732250928810920156,"Sữa Tắm/Gel Tắm Pháp Le Petit Marseillais Thiên Nhiên 250ml - Sữa Tắm Lưu Hương Lành Tính - Dịu Nhẹ, An Toàn Cho Da","Đào Trắng & Quả Xuân Đào, Standard",1732250914985380060,ST01240,190000,302200,VND,1,Thanh toán khi giao hàng,Đã hoàn thành,190000,190000,,,,,,,7522393551116994320,8648765294494321413,Ecomobi MCN,8,15200,15200,0,0,06/06/2026 23:33,10/06/2026 16:11,06/06/2026 23:33,10/06/2026 16:11,26/06/2026 00:01,13/06/2026 08:49,TTS
584408477306029702,1732250928810920156,"Sữa Tắm/Gel Tắm Pháp Le Petit Marseillais Thiên Nhiên 250ml - Sữa Tắm Lưu Hương Lành Tính - Dịu Nhẹ, An Toàn Cho Da","Đào Trắng & Quả Xuân Đào, Standard",1732250914985380060,ST01240,205000,312000,VND,1,Thanh toán khi giao hàng,Đã hủy,205000,,,,,,,,7522393551116994320,8648765294494321413,Ecomobi MCN,8,16400,,0,0,07/06/2026 10:20,,07/06/2026 10:20,,,,TTS
584408561792747142,1732250928810920156,"Sữa Tắm/Gel Tắm Pháp Le Petit Marseillais Thiên Nhiên 250ml - Sữa Tắm Lưu Hương Lành Tính - Dịu Nhẹ, An Toàn Cho Da","Vani, Standard",1732250914985183452,ST00526,180000,312000,VND,1,Thanh toán khi giao hàng,Đã hoàn thành,180000,180000,,,,,,,7522393551116994320,8648765294494321413,Ecomobi MCN,8,14400,14400,0,0,07/06/2026 10:22,10/06/2026 19:55,07/06/2026 10:22,10/06/2026 19:55,26/06/2026 01:33,13/06/2026 11:50,TTS
584410776655332957,1732251815880067292,"Sữa Tắm Pháp Le Petit Marseillais Cho Nam Chiết Xuất Thiên Nhiên 4in1 Nhiều Mùi Hương Dưỡng Ẩm, Thơm Lâu - Phù Hợp Mọi Loại Da (250ml)","Hương Gỗ Tuyết Tùng & Dương Xỉ, Standard",1732251749141219548,ST01172,205000,286850,VND,1,Thanh toán khi giao hàng,Đã hoàn thành,205000,205000,,,,,,,7522393551116994320,8648765294494321413,Ecomobi MCN,8,16400,16400,0,0,07/06/2026 12:52,10/06/2026 16:53,07/06/2026 12:53,10/06/2026 16:53,26/06/2026 04:57,13/06/2026 10:12,TTS
584414707345819166,1732250928810920156,"Sữa Tắm/Gel Tắm Pháp Le Petit Marseillais Thiên Nhiên 250ml - Sữa Tắm Lưu Hương Lành Tính - Dịu Nhẹ, An Toàn Cho Da","Quả Mâm Xôi & Hoa Mẫu Đơn, Standard",1732250914985052380,ST48441,205000,280000,VND,1,Không áp dụng thanh toán khi giao hàng,Đã hoàn thành,205000,205000,,,,8,16400,16400,7522393551116994320,8648765294494321413,Ecomobi MCN,,,,0,0,07/06/2026 17:17,07/06/2026 17:18,07/06/2026 17:18,09/06/2026 15:30,25/06/2026 01:27,12/06/2026 15:28,TTS
584416462741210497,1732251815880067292,"Sữa Tắm Pháp Le Petit Marseillais Cho Nam Chiết Xuất Thiên Nhiên 4in1 Nhiều Mùi Hương Dưỡng Ẩm, Thơm Lâu - Phù Hợp Mọi Loại Da (250ml)","Hương Gỗ Tuyết Tùng & Dương Xỉ, Standard",1732251749141219548,ST01172,205000,279900,VND,1,Thanh toán khi giao hàng,Đã hoàn thành,205000,205000,,,,,,,7600974001888790292,8648654774975564550,PTG,15,30750,30750,0,0,07/06/2026 19:15,09/06/2026 17:09,07/06/2026 19:15,09/06/2026 17:09,25/06/2026 03:21,12/06/2026 15:19,TTS
584416782701987253,1732250928810920156,"Sữa Tắm/Gel Tắm Pháp Le Petit Marseillais Thiên Nhiên 250ml - Sữa Tắm Lưu Hương Lành Tính - Dịu Nhẹ, An Toàn Cho Da","Đào Trắng & Quả Xuân Đào, Standard",1732250914985380060,ST01240,170000,302300,VND,1,Thanh toán khi giao hàng,Đã hoàn thành,170000,170000,,,,8,13600,13600,7522393551116994320,8648765294494321413,Ecomobi MCN,,,,0,0,07/06/2026 19:39,09/06/2026 10:43,07/06/2026 19:39,09/06/2026 10:43,25/06/2026 02:18,12/06/2026 09:49,TTS
584417199136081885,1732251815880067292,"Sữa Tắm Pháp Le Petit Marseillais Cho Nam Chiết Xuất Thiên Nhiên 4in1 Nhiều Mùi Hương Dưỡng Ẩm, Thơm Lâu - Phù Hợp Mọi Loại Da (250ml)","Hương Cam & Tinh Dầu Argan, Standard",1732251749141022940,ST01431,180400,306800,VND,1,Thanh toán khi giao hàng,Đã hủy,180400,,,,,,,,7522393551116994320,8648765294494321413,Ecomobi MCN,8,14432,,0,0,07/06/2026 20:03,,07/06/2026 20:03,,,,TTS
584418478996162058,1732251815880067292,"Sữa Tắm Pháp Le Petit Marseillais Cho Nam Chiết Xuất Thiên Nhiên 4in1 Nhiều Mùi Hương Dưỡng Ẩm, Thơm Lâu - Phù Hợp Mọi Loại Da (250ml)","Hương Gỗ Tuyết Tùng & Dương Xỉ, Standard",1732251749141219548,ST01172,210000,279900,VND,1,Không áp dụng thanh toán khi giao hàng,Đã hoàn thành,210000,210000,,,,8,16800,16800,7522393551116994320,8648765294494321413,Ecomobi MCN,,,,0,0,07/06/2026 21:10,07/06/2026 21:10,07/06/2026 21:10,09/06/2026 15:42,25/06/2026 02:22,12/06/2026 15:29,TTS
584419107585688771,1732251815880067292,"Sữa Tắm Pháp Le Petit Marseillais Cho Nam Chiết Xuất Thiên Nhiên 4in1 Nhiều Mùi Hương Dưỡng Ẩm, Thơm Lâu - Phù Hợp Mọi Loại Da (250ml)","Hương Thông & Bạch Đàn Biển, Standard",1732251749141154012,ST01356,205000,274350,VND,1,Không áp dụng thanh toán khi giao hàng,Đã hoàn thành,205000,205000,,,,8,16400,16400,7522393551116994320,8648765294494321413,Ecomobi MCN,,,,0,0,07/06/2026 21:53,07/06/2026 21:53,07/06/2026 21:53,09/06/2026 13:20,25/06/2026 01:20,12/06/2026 12:27,TTS
584421426336990613,1732251815880067292,"Sữa Tắm Pháp Le Petit Marseillais Cho Nam Chiết Xuất Thiên Nhiên 4in1 Nhiều Mùi Hương Dưỡng Ẩm, Thơm Lâu - Phù Hợp Mọi Loại Da (250ml)","Hương Gỗ Tuyết Tùng & Dương Xỉ, Standard",1732251749141219548,ST01172,180000,279900,VND,1,Thanh toán khi giao hàng,Đã hủy,180000,,,,,8,14400,,7522393551116994320,8648765294494321413,Ecomobi MCN,,,,0,0,08/06/2026 01:24,,08/06/2026 01:24,,,,TTS
584421446764955029,1732251815880067292,"Sữa Tắm Pháp Le Petit Marseillais Cho Nam Chiết Xuất Thiên Nhiên 4in1 Nhiều Mùi Hương Dưỡng Ẩm, Thơm Lâu - Phù Hợp Mọi Loại Da (250ml)","Hương Gừng & Gỗ Bách, Standard",1732251749141285084,ST04371,180000,279900,VND,1,Thanh toán khi giao hàng,Đã hoàn thành,180000,180000,,,,8,14400,14400,7522393551116994320,8648765294494321413,Ecomobi MCN,,,,0,0,08/06/2026 01:25,09/06/2026 19:43,08/06/2026 01:25,09/06/2026 19:43,25/06/2026 04:24,12/06/2026 14:35,TTS
584429166681883990,1732250928810920156,"Sữa Tắm/Gel Tắm Pháp Le Petit Marseillais Thiên Nhiên 250ml - Sữa Tắm Lưu Hương Lành Tính - Dịu Nhẹ, An Toàn Cho Da","Quả Mâm Xôi & Hoa Mẫu Đơn, Standard",1732250914985052380,ST48441,180400,302200,VND,1,Thanh toán khi giao hàng,Đã hoàn thành,180400,180400,,,,,,,7522393551116994320,8648765294494321413,Ecomobi MCN,8,14432,14432,0,0,08/06/2026 14:46,11/06/2026 17:02,08/06/2026 14:46,11/06/2026 17:02,27/06/2026 00:52,14/06/2026 12:09,TTS
584430349612254457,1732251815880067292,"Sữa Tắm Pháp Le Petit Marseillais Cho Nam Chiết Xuất Thiên Nhiên 4in1 Nhiều Mùi Hương Dưỡng Ẩm, Thơm Lâu - Phù Hợp Mọi Loại Da (250ml)","Hương Gỗ Tuyết Tùng & Dương Xỉ, Standard",1732251749141219548,ST01172,205000,289550,VND,1,Thanh toán khi giao hàng,Đã hoàn thành,205000,205000,,,,8,16400,16400,7522393551116994320,8648765294494321413,Ecomobi MCN,,,,0,0,08/06/2026 16:16,10/06/2026 11:50,08/06/2026 16:16,10/06/2026 11:50,26/06/2026 04:01,13/06/2026 10:28,TTS
584433730360870674,1732251815880067292,"Sữa Tắm Pháp Le Petit Marseillais Cho Nam Chiết Xuất Thiên Nhiên 4in1 Nhiều Mùi Hương Dưỡng Ẩm, Thơm Lâu - Phù Hợp Mọi Loại Da (250ml)","Hương Gỗ Tuyết Tùng & Dương Xỉ, Standard",1732251749141219548,ST01172,210000,279900,VND,1,Thanh toán khi giao hàng,Đã hoàn thành,210000,210000,,,,,,,7600974001888790292,8648654774975564550,PTG,15,31500,31500,0,0,08/06/2026 20:16,10/06/2026 18:50,08/06/2026 20:16,10/06/2026 18:50,26/06/2026 01:09,13/06/2026 11:34,TTS
584435095053764020,1732251815880067292,"Sữa Tắm Pháp Le Petit Marseillais Cho Nam Chiết Xuất Thiên Nhiên 4in1 Nhiều Mùi Hương Dưỡng Ẩm, Thơm Lâu - Phù Hợp Mọi Loại Da (250ml)","Hương Gỗ Tuyết Tùng & Dương Xỉ, Standard",1732251749141219548,ST01172,174250,453616,VND,2,Thanh toán khi giao hàng,Đã hoàn thành,348500,348500,,,,8,27880,27880,7522393551116994320,8648765294494321413,Ecomobi MCN,,,,0,0,08/06/2026 21:35,10/06/2026 12:35,08/06/2026 21:35,10/06/2026 12:35,26/06/2026 01:07,13/06/2026 07:50,TTS
584435991561471302,1732250928810920156,"Sữa Tắm/Gel Tắm Pháp Le Petit Marseillais Thiên Nhiên 250ml - Sữa Tắm Lưu Hương Lành Tính - Dịu Nhẹ, An Toàn Cho Da","Muối Biển, Standard",1732250914984790236,ST54463,180000,295200,VND,1,Thanh toán khi giao hàng,Đã hoàn thành,180000,180000,,,,8,14400,14400,7522393551116994320,8648765294494321413,Ecomobi MCN,,,,0,0,08/06/2026 22:30,10/06/2026 17:39,08/06/2026 22:30,10/06/2026 17:39,26/06/2026 00:32,,TTS
584438666983015864,1732251815880067292,"Sữa Tắm Pháp Le Petit Marseillais Cho Nam Chiết Xuất Thiên Nhiên 4in1 Nhiều Mùi Hương Dưỡng Ẩm, Thơm Lâu - Phù Hợp Mọi Loại Da (250ml)","Hương Cam & Tinh Dầu Argan, Standard",1732251749141022940,ST01431,170000,303000,VND,1,Thanh toán khi giao hàng,Đang xử lý,170000,,,,,8,13600,,7522393551116994320,8648765294494321413,Ecomobi MCN,,,,0,0,09/06/2026 06:06,12/06/2026 19:17,09/06/2026 06:06,12/06/2026 19:17,,,TTS
584438817387677504,1732250928810920156,"Sữa Tắm/Gel Tắm Pháp Le Petit Marseillais Thiên Nhiên 250ml - Sữa Tắm Lưu Hương Lành Tính - Dịu Nhẹ, An Toàn Cho Da","Muối Biển, Standard",1732250914984790236,ST54463,168100,273647,VND,1,Thanh toán khi giao hàng,Đã hoàn thành,168100,168100,,,,,,,7522393551116994320,8648765294494321413,Ecomobi MCN,8,13448,13448,0,0,09/06/2026 06:24,10/06/2026 21:15,09/06/2026 06:24,10/06/2026 21:15,26/06/2026 01:35,13/06/2026 08:31,TTS
584438817387939648,1732250928810920156,"Sữa Tắm/Gel Tắm Pháp Le Petit Marseillais Thiên Nhiên 250ml - Sữa Tắm Lưu Hương Lành Tính - Dịu Nhẹ, An Toàn Cho Da","Đào Trắng & Quả Xuân Đào, Standard",1732250914985380060,ST01240,168100,290200,VND,1,Thanh toán khi giao hàng,Đang xử lý,168100,,,,,,,,7522393551116994320,8648765294494321413,Ecomobi MCN,8,13448,,0,0,09/06/2026 06:24,12/06/2026 14:01,09/06/2026 06:24,12/06/2026 14:01,,15/06/2026 07:49,TTS
584441188297508281,1732250928810920156,"Sữa Tắm/Gel Tắm Pháp Le Petit Marseillais Thiên Nhiên 250ml - Sữa Tắm Lưu Hương Lành Tính - Dịu Nhẹ, An Toàn Cho Da","Xoài & Chanh Dây, Standard",1732250914984986844,ST99622,180400,298200,VND,1,Thanh toán khi giao hàng,Đã hoàn thành,180400,180400,,,,,,,7522393551116994320,8648765294494321413,Ecomobi MCN,8,14432,14432,0,0,09/06/2026 09:58,10/06/2026 12:12,09/06/2026 09:58,10/06/2026 12:12,26/06/2026 05:31,13/06/2026 09:15,TTS
584442142872995103,1732251815880067292,"Sữa Tắm Pháp Le Petit Marseillais Cho Nam Chiết Xuất Thiên Nhiên 4in1 Nhiều Mùi Hương Dưỡng Ẩm, Thơm Lâu - Phù Hợp Mọi Loại Da (250ml)","Hương Thông & Bạch Đàn Biển, Standard",1732251749141154012,ST01356,205000,292450,VND,1,Thanh toán khi giao hàng,Đã hoàn thành,205000,205000,,,,8,16400,16400,7522393551116994320,8648765294494321413,Ecomobi MCN,,,,0,0,09/06/2026 11:09,11/06/2026 15:19,09/06/2026 11:09,11/06/2026 15:19,27/06/2026 00:33,14/06/2026 13:06,TTS
584442711303685885,1732250928810920156,"Sữa Tắm/Gel Tắm Pháp Le Petit Marseillais Thiên Nhiên 250ml - Sữa Tắm Lưu Hương Lành Tính - Dịu Nhẹ, An Toàn Cho Da","Dừa, Standard",1732250914985314524,ST54494,180400,286000,VND,1,Thanh toán khi giao hàng,Đã hủy,180400,,,,,,,,7522393551116994320,8648765294494321413,Ecomobi MCN,8,14432,,0,0,09/06/2026 11:51,,09/06/2026 11:51,,,,TTS
584446905412256854,1732251815880067292,"Sữa Tắm Pháp Le Petit Marseillais Cho Nam Chiết Xuất Thiên Nhiên 4in1 Nhiều Mùi Hương Dưỡng Ẩm, Thơm Lâu - Phù Hợp Mọi Loại Da (250ml)","Hương Thông & Bạch Đàn Biển, Standard",1732251749141154012,ST01356,205000,279900,VND,1,Thanh toán khi giao hàng,Đã hoàn thành,205000,205000,,,,,,,7600974001888790292,8648654774975564550,PTG,15,30750,30750,0,0,09/06/2026 17:09,11/06/2026 15:49,09/06/2026 17:09,11/06/2026 15:49,27/06/2026 04:55,14/06/2026 11:26,TTS
584449819040188206,1732250928810920156,"Sữa Tắm/Gel Tắm Pháp Le Petit Marseillais Thiên Nhiên 250ml - Sữa Tắm Lưu Hương Lành Tính - Dịu Nhẹ, An Toàn Cho Da","Bạc Hà, Standard",1732250914984855772,ST92871,174250,280000,VND,1,Thanh toán khi giao hàng,Đã hủy,174250,,,,,,,,7522393551116994320,8648765294494321413,Ecomobi MCN,8,13940,,0,0,09/06/2026 20:28,,09/06/2026 20:28,,,,TTS
584453440797443618,1732251815880067292,"Sữa Tắm Pháp Le Petit Marseillais Cho Nam Chiết Xuất Thiên Nhiên 4in1 Nhiều Mùi Hương Dưỡng Ẩm, Thơm Lâu - Phù Hợp Mọi Loại Da (250ml)","Hương Cam & Tinh Dầu Argan, Standard",1732251749141022940,ST01431,200000,279900,VND,1,Không áp dụng thanh toán khi giao hàng,Đã hoàn thành,200000,200000,,,,,,,7522393551116994320,8648765294494321413,Ecomobi MCN,8,16000,16000,0,0,10/06/2026 02:06,10/06/2026 02:06,10/06/2026 02:06,11/06/2026 10:26,27/06/2026 01:00,14/06/2026 11:26,TTS
584454937573885028,1732251815880067292,"Sữa Tắm Pháp Le Petit Marseillais Cho Nam Chiết Xuất Thiên Nhiên 4in1 Nhiều Mùi Hương Dưỡng Ẩm, Thơm Lâu - Phù Hợp Mọi Loại Da (250ml)","Hương Gỗ Tuyết Tùng & Dương Xỉ, Standard",1732251749141219548,ST01172,200000,295800,VND,1,Thanh toán khi giao hàng,Đã hoàn thành,200000,200000,,,,8,16000,16000,7522393551116994320,8648765294494321413,Ecomobi MCN,,,,0,0,10/06/2026 07:05,11/06/2026 18:15,10/06/2026 07:05,11/06/2026 18:15,27/06/2026 03:54,14/06/2026 08:44,TTS
584464474173900510,1732250928810920156,"Sữa Tắm/Gel Tắm Pháp Le Petit Marseillais Thiên Nhiên 250ml - Sữa Tắm Lưu Hương Lành Tính - Dịu Nhẹ, An Toàn Cho Da","Vani, Standard",1732250914985183452,ST00526,180400,286000,VND,1,Thanh toán khi giao hàng,Đang xử lý,180400,,,,,,,,7522393551116994320,8648765294494321413,Ecomobi MCN,8,14432,,0,0,10/06/2026 19:13,12/06/2026 09:26,10/06/2026 19:13,12/06/2026 09:26,,15/06/2026 11:16,TTS
584475360837338497,1732250928810920156,"Sữa Tắm/Gel Tắm Pháp Le Petit Marseillais Thiên Nhiên 250ml - Sữa Tắm Lưu Hương Lành Tính - Dịu Nhẹ, An Toàn Cho Da","Đào Trắng & Quả Xuân Đào, Standard",1732250914985380060,ST01240,174250,292700,VND,1,Thanh toán khi giao hàng,Đang xử lý,174250,,,,,,,,7522393551116994320,8648765294494321413,Ecomobi MCN,8,13940,,0,0,11/06/2026 12:55,13/06/2026 10:34,11/06/2026 12:55,13/06/2026 10:34,,16/06/2026 09:37,TTS
584485806251410891,1732250928810920156,"Sữa Tắm/Gel Tắm Pháp Le Petit Marseillais Thiên Nhiên 250ml - Sữa Tắm Lưu Hương Lành Tính - Dịu Nhẹ, An Toàn Cho Da","Đào Trắng & Quả Xuân Đào, Standard",1732250914985380060,ST01240,205000,292450,VND,1,Thanh toán khi giao hàng,Đang xử lý,205000,,,,,,,,7522393551116994320,8648765294494321413,Ecomobi MCN,8,16400,,0,0,12/06/2026 05:20,15/06/2026 17:12,12/06/2026 05:20,15/06/2026 17:12,,18/06/2026 12:18,TTS
584487004256503170,1732250928810920156,"Sữa Tắm/Gel Tắm Pháp Le Petit Marseillais Thiên Nhiên 250ml - Sữa Tắm Lưu Hương Lành Tính - Dịu Nhẹ, An Toàn Cho Da","Đào Trắng & Quả Xuân Đào, Standard",1732250914985380060,ST01240,168100,295800,VND,1,Thanh toán khi giao hàng,Đang xử lý,168100,,,,,,,,7522393551116994320,8648765294494321413,Ecomobi MCN,8,13448,,0,0,12/06/2026 07:41,13/06/2026 16:38,12/06/2026 07:41,13/06/2026 16:38,,16/06/2026 10:36,TTS
584487589377312739,1732251815880067292,"Sữa Tắm Pháp Le Petit Marseillais Cho Nam Chiết Xuất Thiên Nhiên 4in1 Nhiều Mùi Hương Dưỡng Ẩm, Thơm Lâu - Phù Hợp Mọi Loại Da (250ml)","Hương Gỗ Tuyết Tùng & Dương Xỉ, Standard",1732251749141219548,ST01172,205000,282450,VND,1,Thanh toán khi giao hàng,Đang xử lý,205000,,,,,,,,7442265916282701623,8648604627220204294,SONNET,12,24600,,0,0,12/06/2026 08:33,13/06/2026 21:46,12/06/2026 08:33,13/06/2026 21:46,,16/06/2026 12:21,TTS
584489896514585984,1732251815880067292,"Sữa Tắm Pháp Le Petit Marseillais Cho Nam Chiết Xuất Thiên Nhiên 4in1 Nhiều Mùi Hương Dưỡng Ẩm, Thơm Lâu - Phù Hợp Mọi Loại Da (250ml)","Hương Gỗ Tuyết Tùng & Dương Xỉ, Standard",1732251749141219548,ST01172,205000,286850,VND,1,Không áp dụng thanh toán khi giao hàng,Đã hủy,205000,,,,,,,,7522393551116994320,8648765294494321413,Ecomobi MCN,8,16400,,0,0,12/06/2026 11:25,12/06/2026 11:25,12/06/2026 11:25,,,,TTS
584495794841224959,1732250928810920156,"Sữa Tắm/Gel Tắm Pháp Le Petit Marseillais Thiên Nhiên 250ml - Sữa Tắm Lưu Hương Lành Tính - Dịu Nhẹ, An Toàn Cho Da","Vani, Standard",1732250914985183452,ST00526,123000,279400,VND,1,Thanh toán khi giao hàng,Đang xử lý,123000,,,,,,,,7522393551116994320,8648765294494321413,Ecomobi MCN,8,9840,,0,0,12/06/2026 18:44,14/06/2026 19:13,12/06/2026 18:44,14/06/2026 19:13,,17/06/2026 12:08,TTS
584502587032242084,1732251815880067292,"Sữa Tắm Pháp Le Petit Marseillais Cho Nam Chiết Xuất Thiên Nhiên 4in1 Nhiều Mùi Hương Dưỡng Ẩm, Thơm Lâu - Phù Hợp Mọi Loại Da (250ml)","Hương Gỗ Tuyết Tùng & Dương Xỉ, Standard",1732251749141219548,ST01172,205000,279900,VND,1,Không áp dụng thanh toán khi giao hàng,Đang xử lý,205000,,,,,8,16400,,7522393551116994320,8648765294494321413,Ecomobi MCN,,,,0,0,13/06/2026 07:15,13/06/2026 07:15,13/06/2026 07:15,14/06/2026 11:35,,17/06/2026 08:13,TTS
584505303201974100,1732251815880067292,"Sữa Tắm Pháp Le Petit Marseillais Cho Nam Chiết Xuất Thiên Nhiên 4in1 Nhiều Mùi Hương Dưỡng Ẩm, Thơm Lâu - Phù Hợp Mọi Loại Da (250ml)","Hương Gỗ Tuyết Tùng & Dương Xỉ, Standard",1732251749141219548,ST01172,205000,292800,VND,1,Thanh toán khi giao hàng,Đang xử lý,205000,,,,,,,,7522393551116994320,8648765294494321413,Ecomobi MCN,8,16400,,0,0,13/06/2026 10:47,15/06/2026 20:13,13/06/2026 10:47,15/06/2026 20:13,,18/06/2026 07:45,TTS
584505477136549713,1732251815880067292,"Sữa Tắm Pháp Le Petit Marseillais Cho Nam Chiết Xuất Thiên Nhiên 4in1 Nhiều Mùi Hương Dưỡng Ẩm, Thơm Lâu - Phù Hợp Mọi Loại Da (250ml)","Hương Gỗ Tuyết Tùng & Dương Xỉ, Standard",1732251749141219548,ST01172,205000,289550,VND,1,Thanh toán khi giao hàng,Đang xử lý,205000,,,,,8,16400,,7522393551116994320,8648765294494321413,Ecomobi MCN,,,,0,0,13/06/2026 11:05,14/06/2026 15:38,13/06/2026 11:05,14/06/2026 15:38,,17/06/2026 09:40,TTS
584506882815920118,1732251815880067292,"Sữa Tắm Pháp Le Petit Marseillais Cho Nam Chiết Xuất Thiên Nhiên 4in1 Nhiều Mùi Hương Dưỡng Ẩm, Thơm Lâu - Phù Hợp Mọi Loại Da (250ml)","Hương Gỗ Tuyết Tùng & Dương Xỉ, Standard",1732251749141219548,ST01172,205000,494909,VND,2,Thanh toán khi giao hàng,Đang xử lý,410000,,,,,8,32800,,7522393551116994320,8648765294494321413,Ecomobi MCN,,,,0,0,13/06/2026 12:38,15/06/2026 09:06,13/06/2026 12:38,15/06/2026 09:06,,18/06/2026 09:42,TTS
584507491966682249,1732251815880067292,"Sữa Tắm Pháp Le Petit Marseillais Cho Nam Chiết Xuất Thiên Nhiên 4in1 Nhiều Mùi Hương Dưỡng Ẩm, Thơm Lâu - Phù Hợp Mọi Loại Da (250ml)","Hương Gỗ Tuyết Tùng & Dương Xỉ, Standard",1732251749141219548,ST01172,205000,279900,VND,1,Thanh toán khi giao hàng,Đang xử lý,205000,,,,,8,16400,,7522393551116994320,8648765294494321413,Ecomobi MCN,,,,0,0,13/06/2026 13:21,14/06/2026 16:56,13/06/2026 13:21,14/06/2026 16:56,,17/06/2026 09:15,TTS
584507913041839979,1732251815880067292,"Sữa Tắm Pháp Le Petit Marseillais Cho Nam Chiết Xuất Thiên Nhiên 4in1 Nhiều Mùi Hương Dưỡng Ẩm, Thơm Lâu - Phù Hợp Mọi Loại Da (250ml)","Hương Gỗ Tuyết Tùng & Dương Xỉ, Standard",1732251749141219548,ST01172,153750,279900,VND,1,Thanh toán khi giao hàng,Đang xử lý,153750,,,,,,,,7522393551116994320,8648765294494321413,Ecomobi MCN,8,12300,,0,0,13/06/2026 13:48,14/06/2026 12:40,13/06/2026 13:48,14/06/2026 12:40,,17/06/2026 11:41,TTS
584508075952801611,1732251815880067292,"Sữa Tắm Pháp Le Petit Marseillais Cho Nam Chiết Xuất Thiên Nhiên 4in1 Nhiều Mùi Hương Dưỡng Ẩm, Thơm Lâu - Phù Hợp Mọi Loại Da (250ml)","Hương Gỗ Tuyết Tùng & Dương Xỉ, Standard",1732251749141219548,ST01172,190000,295800,VND,1,Thanh toán khi giao hàng,Đang xử lý,190000,,,,,8,15200,,7522393551116994320,8648765294494321413,Ecomobi MCN,,,,0,0,13/06/2026 14:02,15/06/2026 21:52,13/06/2026 14:02,15/06/2026 21:52,,18/06/2026 11:43,TTS
584508130359018716,1732251815880067292,"Sữa Tắm Pháp Le Petit Marseillais Cho Nam Chiết Xuất Thiên Nhiên 4in1 Nhiều Mùi Hương Dưỡng Ẩm, Thơm Lâu - Phù Hợp Mọi Loại Da (250ml)","Hương Gỗ Tuyết Tùng & Dương Xỉ, Standard",1732251749141219548,ST01172,210000,279900,VND,1,Thanh toán khi giao hàng,Đang xử lý,210000,,,,,,,,7522393551116994320,8648765294494321413,Ecomobi MCN,8,16800,,0,0,13/06/2026 14:03,14/06/2026 20:26,13/06/2026 14:03,14/06/2026 20:26,,17/06/2026 08:43,TTS
584508407556442109,1732251815880067292,"Sữa Tắm Pháp Le Petit Marseillais Cho Nam Chiết Xuất Thiên Nhiên 4in1 Nhiều Mùi Hương Dưỡng Ẩm, Thơm Lâu - Phù Hợp Mọi Loại Da (250ml)","Hương Gỗ Tuyết Tùng & Dương Xỉ, Standard",1732251749141219548,ST01172,180400,279900,VND,1,Thanh toán khi giao hàng,Đang xử lý,180400,,,,,8,14432,,7522393551116994320,8648765294494321413,Ecomobi MCN,,,,0,0,13/06/2026 14:24,15/06/2026 18:56,13/06/2026 14:24,15/06/2026 18:56,,18/06/2026 09:03,TTS
584508520717518286,1732251815880067292,"Sữa Tắm Pháp Le Petit Marseillais Cho Nam Chiết Xuất Thiên Nhiên 4in1 Nhiều Mùi Hương Dưỡng Ẩm, Thơm Lâu - Phù Hợp Mọi Loại Da (250ml)","Hương Gỗ Tuyết Tùng & Dương Xỉ, Standard",1732251749141219548,ST01172,190000,289550,VND,1,Thanh toán khi giao hàng,Đang xử lý,190000,,,,,8,15200,,7522393551116994320,8648765294494321413,Ecomobi MCN,,,,0,0,13/06/2026 14:25,15/06/2026 20:46,13/06/2026 14:25,15/06/2026 20:46,,18/06/2026 10:41,TTS
584508535640066040,1732251815880067292,"Sữa Tắm Pháp Le Petit Marseillais Cho Nam Chiết Xuất Thiên Nhiên 4in1 Nhiều Mùi Hương Dưỡng Ẩm, Thơm Lâu - Phù Hợp Mọi Loại Da (250ml)","Hương Gỗ Tuyết Tùng & Dương Xỉ, Standard",1732251749141219548,ST01172,205000,279900,VND,1,Thanh toán khi giao hàng,Đang xử lý,205000,,,,,8,16400,,7522393551116994320,8648765294494321413,Ecomobi MCN,,,,0,0,13/06/2026 14:30,15/06/2026 10:10,13/06/2026 14:30,15/06/2026 10:10,,18/06/2026 07:03,TTS
584508752042034922,1732251815880067292,"Sữa Tắm Pháp Le Petit Marseillais Cho Nam Chiết Xuất Thiên Nhiên 4in1 Nhiều Mùi Hương Dưỡng Ẩm, Thơm Lâu - Phù Hợp Mọi Loại Da (250ml)","Hương Gỗ Tuyết Tùng & Dương Xỉ, Standard",1732251749141219548,ST01172,205000,279900,VND,1,Thanh toán khi giao hàng,Đang xử lý,205000,,,,,8,16400,,7522393551116994320,8648765294494321413,Ecomobi MCN,,,,0,0,13/06/2026 14:46,14/06/2026 10:06,13/06/2026 14:46,14/06/2026 10:06,,17/06/2026 11:34,TTS
584508984981751161,1732251815880067292,"Sữa Tắm Pháp Le Petit Marseillais Cho Nam Chiết Xuất Thiên Nhiên 4in1 Nhiều Mùi Hương Dưỡng Ẩm, Thơm Lâu - Phù Hợp Mọi Loại Da (250ml)","Hương Gỗ Tuyết Tùng & Dương Xỉ, Standard",1732251749141219548,ST01172,205000,279900,VND,1,Thanh toán khi giao hàng,Đang xử lý,205000,,,,,8,16400,,7522393551116994320,8648765294494321413,Ecomobi MCN,,,,0,0,13/06/2026 15:07,15/06/2026 09:23,13/06/2026 15:07,15/06/2026 09:23,,18/06/2026 09:38,TTS
584509444855202834,1732251815880067292,"Sữa Tắm Pháp Le Petit Marseillais Cho Nam Chiết Xuất Thiên Nhiên 4in1 Nhiều Mùi Hương Dưỡng Ẩm, Thơm Lâu - Phù Hợp Mọi Loại Da (250ml)","Hương Gỗ Tuyết Tùng & Dương Xỉ, Standard",1732251749141219548,ST01172,205000,289550,VND,1,Thanh toán khi giao hàng,Đang xử lý,205000,,,,,8,16400,,7522393551116994320,8648765294494321413,Ecomobi MCN,,,,0,0,13/06/2026 15:41,14/06/2026 21:32,13/06/2026 15:41,14/06/2026 21:32,,17/06/2026 11:37,TTS
584509621191280248,1732251815880067292,"Sữa Tắm Pháp Le Petit Marseillais Cho Nam Chiết Xuất Thiên Nhiên 4in1 Nhiều Mùi Hương Dưỡng Ẩm, Thơm Lâu - Phù Hợp Mọi Loại Da (250ml)","Hương Thông & Bạch Đàn Biển, Standard",1732251749141154012,ST01356,204900,279900,VND,1,Không áp dụng thanh toán khi giao hàng,Đang xử lý,204900,,,,,8,16392,,7522393551116994320,8648765294494321413,Ecomobi MCN,,,,0,0,13/06/2026 15:52,13/06/2026 15:52,13/06/2026 15:52,14/06/2026 12:45,,17/06/2026 08:54,TTS
584510606858880146,1732251815880067292,"Sữa Tắm Pháp Le Petit Marseillais Cho Nam Chiết Xuất Thiên Nhiên 4in1 Nhiều Mùi Hương Dưỡng Ẩm, Thơm Lâu - Phù Hợp Mọi Loại Da (250ml)","Hương Gỗ Tuyết Tùng & Dương Xỉ, Standard",1732251749141219548,ST01172,205000,293750,VND,1,Thanh toán khi giao hàng,Đang xử lý,205000,,,,,8,16400,,7522393551116994320,8648765294494321413,Ecomobi MCN,,,,0,0,13/06/2026 17:06,17/06/2026 13:31,13/06/2026 17:07,17/06/2026 13:31,,20/06/2026 10:53,TTS
584510742418916936,1732251815880067292,"Sữa Tắm Pháp Le Petit Marseillais Cho Nam Chiết Xuất Thiên Nhiên 4in1 Nhiều Mùi Hương Dưỡng Ẩm, Thơm Lâu - Phù Hợp Mọi Loại Da (250ml)","Hương Gỗ Tuyết Tùng & Dương Xỉ, Standard",1732251749141219548,ST01172,205000,279900,VND,1,Không áp dụng thanh toán khi giao hàng,Đang xử lý,205000,,,,,8,16400,,7522393551116994320,8648765294494321413,Ecomobi MCN,,,,0,0,13/06/2026 17:18,13/06/2026 17:18,13/06/2026 17:18,16/06/2026 09:01,,19/06/2026 13:27,TTS
584514804772799936,1732250928810920156,"Sữa Tắm/Gel Tắm Pháp Le Petit Marseillais Thiên Nhiên 250ml - Sữa Tắm Lưu Hương Lành Tính - Dịu Nhẹ, An Toàn Cho Da","Vani, Standard",1732250914985183452,ST00526,205000,282450,VND,1,Thanh toán khi giao hàng,Đã hủy,205000,,,,,,,,7522393551116994320,8648765294494321413,Ecomobi MCN,8,16400,,0,0,13/06/2026 21:55,,13/06/2026 21:55,,,,TTS
584515038445274560,1732250928810920156,"Sữa Tắm/Gel Tắm Pháp Le Petit Marseillais Thiên Nhiên 250ml - Sữa Tắm Lưu Hương Lành Tính - Dịu Nhẹ, An Toàn Cho Da","Vani, Standard",1732250914985183452,ST00526,178350,282450,VND,1,Thanh toán khi giao hàng,Đang xử lý,178350,,,,,,,,7522393551116994320,8648765294494321413,Ecomobi MCN,8,14268,,0,0,13/06/2026 22:09,16/06/2026 16:37,13/06/2026 22:09,16/06/2026 16:37,,19/06/2026 08:19,TTS
584516901922702794,1732251815880067292,"Sữa Tắm Pháp Le Petit Marseillais Cho Nam Chiết Xuất Thiên Nhiên 4in1 Nhiều Mùi Hương Dưỡng Ẩm, Thơm Lâu - Phù Hợp Mọi Loại Da (250ml)","Hương Thông & Bạch Đàn Biển, Standard",1732251749141154012,ST01356,205000,287455,VND,1,Thanh toán khi giao hàng,Đang xử lý,205000,,,,,8,16400,,7522393551116994320,8648765294494321413,Ecomobi MCN,,,,0,0,14/06/2026 01:23,16/06/2026 22:55,14/06/2026 01:23,16/06/2026 22:55,,19/06/2026 10:46,TTS
584516901922702794,1732251815880067292,"Sữa Tắm Pháp Le Petit Marseillais Cho Nam Chiết Xuất Thiên Nhiên 4in1 Nhiều Mùi Hương Dưỡng Ẩm, Thơm Lâu - Phù Hợp Mọi Loại Da (250ml)","Hương Gỗ Tuyết Tùng & Dương Xỉ, Standard",1732251749141219548,ST01172,205000,287454,VND,1,Thanh toán khi giao hàng,Đang xử lý,205000,,,,,8,16400,,7522393551116994320,8648765294494321413,Ecomobi MCN,,,,0,0,14/06/2026 01:23,16/06/2026 22:55,14/06/2026 01:23,16/06/2026 22:55,,19/06/2026 10:46,TTS
584532498091378369,1732251815880067292,"Sữa Tắm Pháp Le Petit Marseillais Cho Nam Chiết Xuất Thiên Nhiên 4in1 Nhiều Mùi Hương Dưỡng Ẩm, Thơm Lâu - Phù Hợp Mọi Loại Da (250ml)","Hương Gỗ Tuyết Tùng & Dương Xỉ, Standard",1732251749141219548,ST01172,159900,294091,VND,1,Không áp dụng thanh toán khi giao hàng,Đang xử lý,159900,,,,,8,12792,,7522393551116994320,8648765294494321413,Ecomobi MCN,,,,0,0,14/06/2026 23:39,14/06/2026 23:39,14/06/2026 23:39,16/06/2026 10:41,,19/06/2026 09:47,TTS
584532498091378369,1732251815880067292,"Sữa Tắm Pháp Le Petit Marseillais Cho Nam Chiết Xuất Thiên Nhiên 4in1 Nhiều Mùi Hương Dưỡng Ẩm, Thơm Lâu - Phù Hợp Mọi Loại Da (250ml)","Hương Cam & Tinh Dầu Argan, Standard",1732251749141022940,ST01431,159900,294091,VND,1,Không áp dụng thanh toán khi giao hàng,Đang xử lý,159900,,,,,8,12792,,7522393551116994320,8648765294494321413,Ecomobi MCN,,,,0,0,14/06/2026 23:39,14/06/2026 23:39,14/06/2026 23:39,16/06/2026 10:41,,19/06/2026 09:47,TTS
584536558891534170,1732251815880067292,"Sữa Tắm Pháp Le Petit Marseillais Cho Nam Chiết Xuất Thiên Nhiên 4in1 Nhiều Mùi Hương Dưỡng Ẩm, Thơm Lâu - Phù Hợp Mọi Loại Da (250ml)","Hương Gỗ Tuyết Tùng & Dương Xỉ, Standard",1732251749141219548,ST01172,168100,286072,VND,1,Thanh toán khi giao hàng,Đang xử lý,168100,,,,,8,13448,,7522393551116994320,8648765294494321413,Ecomobi MCN,,,,0,0,15/06/2026 09:36,16/06/2026 19:35,15/06/2026 09:36,16/06/2026 19:35,,19/06/2026 11:05,TTS
584536558891534170,1732251815880067292,"Sữa Tắm Pháp Le Petit Marseillais Cho Nam Chiết Xuất Thiên Nhiên 4in1 Nhiều Mùi Hương Dưỡng Ẩm, Thơm Lâu - Phù Hợp Mọi Loại Da (250ml)","Hương Thông & Bạch Đàn Biển, Standard",1732251749141154012,ST01356,168100,286071,VND,1,Thanh toán khi giao hàng,Đang xử lý,168100,,,,,8,13448,,7522393551116994320,8648765294494321413,Ecomobi MCN,,,,0,0,15/06/2026 09:36,16/06/2026 19:35,15/06/2026 09:36,16/06/2026 19:35,,19/06/2026 11:05,TTS
584550605785302105,1732251815880067292,"Sữa Tắm Pháp Le Petit Marseillais Cho Nam Chiết Xuất Thiên Nhiên 4in1 Nhiều Mùi Hương Dưỡng Ẩm, Thơm Lâu - Phù Hợp Mọi Loại Da (250ml)","Hương Gỗ Tuyết Tùng & Dương Xỉ, Standard",1732251749141219548,ST01172,205000,279900,VND,1,Không áp dụng thanh toán khi giao hàng,Đang xử lý,205000,,,,,,,,7522393551116994320,8648765294494321413,Ecomobi MCN,8,16400,,0,0,16/06/2026 07:02,16/06/2026 07:02,16/06/2026 07:02,17/06/2026 12:58,,20/06/2026 09:38,TTS
584554882767161283,1732251815880067292,"Sữa Tắm Pháp Le Petit Marseillais Cho Nam Chiết Xuất Thiên Nhiên 4in1 Nhiều Mùi Hương Dưỡng Ẩm, Thơm Lâu - Phù Hợp Mọi Loại Da (250ml)","Hương Gỗ Tuyết Tùng & Dương Xỉ, Standard",1732251749141219548,ST01172,165000,283556,VND,1,Thanh toán khi giao hàng,Đang xử lý,165000,,,,,,,,7522393551116994320,8648765294494321413,Ecomobi MCN,8,13200,,0,0,16/06/2026 12:36,17/06/2026 13:54,16/06/2026 12:36,17/06/2026 13:54,,20/06/2026 12:13,TTS
584556660539098327,1732251815880067292,"Sữa Tắm Pháp Le Petit Marseillais Cho Nam Chiết Xuất Thiên Nhiên 4in1 Nhiều Mùi Hương Dưỡng Ẩm, Thơm Lâu - Phù Hợp Mọi Loại Da (250ml)","Hương Gỗ Tuyết Tùng & Dương Xỉ, Standard",1732251749141219548,ST01172,205000,291700,VND,1,Thanh toán khi giao hàng,Đang xử lý,205000,,,,,8,16400,,7522393551116994320,8648765294494321413,Ecomobi MCN,,,,0,0,16/06/2026 14:45,17/06/2026 14:52,16/06/2026 14:45,17/06/2026 14:52,,20/06/2026 12:33,TTS
584557752255284883,1732251815880067292,"Sữa Tắm Pháp Le Petit Marseillais Cho Nam Chiết Xuất Thiên Nhiên 4in1 Nhiều Mùi Hương Dưỡng Ẩm, Thơm Lâu - Phù Hợp Mọi Loại Da (250ml)","Hương Gừng & Gỗ Bách, Standard",1732251749141285084,ST04371,205000,298200,VND,1,Thanh toán khi giao hàng,Đang xử lý,205000,,,,,8,16400,,7522393551116994320,8648765294494321413,Ecomobi MCN,,,,0,0,16/06/2026 16:09,17/06/2026 17:03,16/06/2026 16:09,17/06/2026 17:03,,20/06/2026 11:35,TTS
584561295041333039,1732250928810920156,"Sữa Tắm/Gel Tắm Pháp Le Petit Marseillais Thiên Nhiên 250ml - Sữa Tắm Lưu Hương Lành Tính - Dịu Nhẹ, An Toàn Cho Da","Vani, Standard",1732250914985183452,ST00526,180400,279900,VND,1,Không áp dụng thanh toán khi giao hàng,Đang xử lý,180400,,,,,,,,7522393551116994320,8648765294494321413,Ecomobi MCN,8,14432,,0,0,16/06/2026 20:18,16/06/2026 20:18,16/06/2026 20:18,18/06/2026 11:22,,21/06/2026 11:57,TTS
584563871309792726,1732251815880067292,"Sữa Tắm Pháp Le Petit Marseillais Cho Nam Chiết Xuất Thiên Nhiên 4in1 Nhiều Mùi Hương Dưỡng Ẩm, Thơm Lâu - Phù Hợp Mọi Loại Da (250ml)","Hương Gừng & Gỗ Bách, Standard",1732251749141285084,ST04371,174250,276632,VND,1,Thanh toán khi giao hàng,Đang xử lý,174250,,,,,,,,7522393551116994320,8648765294494321413,Ecomobi MCN,8,13940,,0,0,16/06/2026 22:56,18/06/2026 12:20,16/06/2026 22:56,18/06/2026 12:20,,21/06/2026 10:19,TTS
584563871309792726,1732251815880067292,"Sữa Tắm Pháp Le Petit Marseillais Cho Nam Chiết Xuất Thiên Nhiên 4in1 Nhiều Mùi Hương Dưỡng Ẩm, Thơm Lâu - Phù Hợp Mọi Loại Da (250ml)","Hương Thông & Bạch Đàn Biển, Standard",1732251749141154012,ST01356,174250,276632,VND,1,Thanh toán khi giao hàng,Đang xử lý,174250,,,,,,,,7522393551116994320,8648765294494321413,Ecomobi MCN,8,13940,,0,0,16/06/2026 22:56,18/06/2026 12:20,16/06/2026 22:56,18/06/2026 12:20,,21/06/2026 10:19,TTS
584563871309792726,1732251815880067292,"Sữa Tắm Pháp Le Petit Marseillais Cho Nam Chiết Xuất Thiên Nhiên 4in1 Nhiều Mùi Hương Dưỡng Ẩm, Thơm Lâu - Phù Hợp Mọi Loại Da (250ml)","Hương Gỗ Tuyết Tùng & Dương Xỉ, Standard",1732251749141219548,ST01172,174250,276631,VND,1,Thanh toán khi giao hàng,Đang xử lý,174250,,,,,,,,7522393551116994320,8648765294494321413,Ecomobi MCN,8,13940,,0,0,16/06/2026 22:56,18/06/2026 12:20,16/06/2026 22:56,18/06/2026 12:20,,21/06/2026 10:19,TTS
584563946619832243,1732251815880067292,"Sữa Tắm Pháp Le Petit Marseillais Cho Nam Chiết Xuất Thiên Nhiên 4in1 Nhiều Mùi Hương Dưỡng Ẩm, Thơm Lâu - Phù Hợp Mọi Loại Da (250ml)","Hương Cam & Tinh Dầu Argan, Standard",1732251749141022940,ST01431,205000,282450,VND,1,Không áp dụng thanh toán khi giao hàng,Đã hủy,205000,,,,,,,,7522393551116994320,8648765294494321413,Ecomobi MCN,8,16400,,0,0,16/06/2026 23:07,16/06/2026 23:07,16/06/2026 23:07,,,,TTS
584578639193737124,1732251815880067292,"Sữa Tắm Pháp Le Petit Marseillais Cho Nam Chiết Xuất Thiên Nhiên 4in1 Nhiều Mùi Hương Dưỡng Ẩm, Thơm Lâu - Phù Hợp Mọi Loại Da (250ml)","Hương Gỗ Tuyết Tùng & Dương Xỉ, Standard",1732251749141219548,ST01172,205000,286850,VND,1,Thanh toán khi giao hàng,Đã hủy,205000,,,,,8,16400,,7522393551116994320,8648765294494321413,Ecomobi MCN,,,,0,0,17/06/2026 21:48,,17/06/2026 21:48,,,,TTS
584579838536091176,1732250928810920156,"Sữa Tắm/Gel Tắm Pháp Le Petit Marseillais Thiên Nhiên 250ml - Sữa Tắm Lưu Hương Lành Tính - Dịu Nhẹ, An Toàn Cho Da","Đào Trắng & Quả Xuân Đào, Standard",1732250914985380060,ST01240,174250,281400,VND,1,Thanh toán khi giao hàng,Đang xử lý,174250,,,,,,,,7522393551116994320,8648765294494321413,Ecomobi MCN,8,13940,,0,0,17/06/2026 23:14,19/06/2026 13:57,17/06/2026 23:14,19/06/2026 13:57,,22/06/2026 07:29,TTS
584579977988375828,1732251815880067292,"Sữa Tắm Pháp Le Petit Marseillais Cho Nam Chiết Xuất Thiên Nhiên 4in1 Nhiều Mùi Hương Dưỡng Ẩm, Thơm Lâu - Phù Hợp Mọi Loại Da (250ml)","Hương Gỗ Tuyết Tùng & Dương Xỉ, Standard",1732251749141219548,ST01172,205000,279900,VND,1,Thanh toán khi giao hàng,Đang xử lý,205000,,,,,8,16400,,7522393551116994320,8648765294494321413,Ecomobi MCN,,,,0,0,17/06/2026 23:25,19/06/2026 08:39,17/06/2026 23:25,19/06/2026 08:39,,22/06/2026 07:27,TTS
584580110052066435,1732251815880067292,"Sữa Tắm Pháp Le Petit Marseillais Cho Nam Chiết Xuất Thiên Nhiên 4in1 Nhiều Mùi Hương Dưỡng Ẩm, Thơm Lâu - Phù Hợp Mọi Loại Da (250ml)","Hương Gỗ Tuyết Tùng & Dương Xỉ, Standard",1732251749141219548,ST01172,174250,295800,VND,1,Thanh toán khi giao hàng,Đang xử lý,174250,,,,,8,13940,,7522393551116994320,8648765294494321413,Ecomobi MCN,,,,0,0,17/06/2026 23:44,19/06/2026 19:49,17/06/2026 23:44,19/06/2026 19:49,,22/06/2026 12:01,TTS
584586063401486174,1732251815880067292,"Sữa Tắm Pháp Le Petit Marseillais Cho Nam Chiết Xuất Thiên Nhiên 4in1 Nhiều Mùi Hương Dưỡng Ẩm, Thơm Lâu - Phù Hợp Mọi Loại Da (250ml)","Hương Thông & Bạch Đàn Biển, Standard",1732251749141154012,ST01356,205000,286850,VND,1,Thanh toán khi giao hàng,Đang xử lý,205000,,,,,8,16400,,7522393551116994320,8648765294494321413,Ecomobi MCN,,,,0,0,18/06/2026 11:59,19/06/2026 13:02,18/06/2026 12:00,19/06/2026 13:02,,22/06/2026 10:54,TTS
584591510621620123,1732251815880067292,"Sữa Tắm Pháp Le Petit Marseillais Cho Nam Chiết Xuất Thiên Nhiên 4in1 Nhiều Mùi Hương Dưỡng Ẩm, Thơm Lâu - Phù Hợp Mọi Loại Da (250ml)","Hương Gỗ Tuyết Tùng & Dương Xỉ, Standard",1732251749141219548,ST01172,205000,295800,VND,1,Thanh toán khi giao hàng,Đang xử lý,205000,,,,,8,16400,,7522393551116994320,8648765294494321413,Ecomobi MCN,,,,0,0,18/06/2026 18:55,21/06/2026 13:11,18/06/2026 18:55,21/06/2026 13:11,,24/06/2026 11:44,TTS
584596026526959133,1732251815880067292,"Sữa Tắm Pháp Le Petit Marseillais Cho Nam Chiết Xuất Thiên Nhiên 4in1 Nhiều Mùi Hương Dưỡng Ẩm, Thơm Lâu - Phù Hợp Mọi Loại Da (250ml)","Hương Thông & Bạch Đàn Biển, Standard",1732251749141154012,ST01356,205000,487045,VND,2,Thanh toán khi giao hàng,Đang xử lý,410000,,,,,8,32800,,7522393551116994320,8648765294494321413,Ecomobi MCN,,,,0,0,19/06/2026 00:13,20/06/2026 16:58,19/06/2026 00:14,20/06/2026 16:58,,23/06/2026 08:26,TTS
584596940260934708,1732250928810920156,"Sữa Tắm/Gel Tắm Pháp Le Petit Marseillais Thiên Nhiên 250ml - Sữa Tắm Lưu Hương Lành Tính - Dịu Nhẹ, An Toàn Cho Da","Vani, Standard",1732250914985183452,ST00526,165000,279900,VND,1,Thanh toán khi giao hàng,Đang xử lý,165000,,,,,,,,7522393551116994320,8648765294494321413,Ecomobi MCN,8,13200,,0,0,19/06/2026 03:43,20/06/2026 19:04,19/06/2026 03:43,20/06/2026 19:04,,23/06/2026 07:39,TTS
584599820182455383,1732250928810920156,"Sữa Tắm/Gel Tắm Pháp Le Petit Marseillais Thiên Nhiên 250ml - Sữa Tắm Lưu Hương Lành Tính - Dịu Nhẹ, An Toàn Cho Da","Vani, Standard",1732250914985183452,ST00526,190000,279900,VND,1,Thanh toán khi giao hàng,Đang xử lý,190000,,,,,8,15200,,7522393551116994320,8648765294494321413,Ecomobi MCN,,,,0,0,19/06/2026 09:46,20/06/2026 12:03,19/06/2026 09:46,20/06/2026 12:03,,23/06/2026 12:28,TTS
584600519005013031,1732251815880067292,"Sữa Tắm Pháp Le Petit Marseillais Cho Nam Chiết Xuất Thiên Nhiên 4in1 Nhiều Mùi Hương Dưỡng Ẩm, Thơm Lâu - Phù Hợp Mọi Loại Da (250ml)","Hương Gỗ Tuyết Tùng & Dương Xỉ, Standard",1732251749141219548,ST01172,190000,289550,VND,1,Thanh toán khi giao hàng,Đang xử lý,190000,,,,,8,15200,,7522393551116994320,8648765294494321413,Ecomobi MCN,,,,0,0,19/06/2026 10:35,20/06/2026 17:43,19/06/2026 10:35,20/06/2026 17:43,,23/06/2026 12:36,TTS
584600718498563096,1732250928810920156,"Sữa Tắm/Gel Tắm Pháp Le Petit Marseillais Thiên Nhiên 250ml - Sữa Tắm Lưu Hương Lành Tính - Dịu Nhẹ, An Toàn Cho Da","Đào Trắng & Quả Xuân Đào, Standard",1732250914985380060,ST01240,205000,279900,VND,1,Thanh toán khi giao hàng,Đang xử lý,205000,,,,,8,16400,,7522393551116994320,8648765294494321413,Ecomobi MCN,,,,0,0,19/06/2026 10:51,20/06/2026 13:28,19/06/2026 10:51,20/06/2026 13:28,,23/06/2026 07:37,TTS
584602877420930640,1732250928810920156,"Sữa Tắm/Gel Tắm Pháp Le Petit Marseillais Thiên Nhiên 250ml - Sữa Tắm Lưu Hương Lành Tính - Dịu Nhẹ, An Toàn Cho Da","Vani, Standard",1732250914985183452,ST00526,180400,286850,VND,1,Không áp dụng thanh toán khi giao hàng,Đang xử lý,180400,,,,,,,,7522393551116994320,8648765294494321413,Ecomobi MCN,8,14432,,0,0,19/06/2026 13:22,19/06/2026 13:22,19/06/2026 13:22,20/06/2026 15:42,,23/06/2026 07:26,TTS
584622184061044273,1732251815880067292,"Sữa Tắm Pháp Le Petit Marseillais Cho Nam Chiết Xuất Thiên Nhiên 4in1 Nhiều Mùi Hương Dưỡng Ẩm, Thơm Lâu - Phù Hợp Mọi Loại Da (250ml)","Hương Gỗ Tuyết Tùng & Dương Xỉ, Standard",1732251749141219548,ST01172,205000,289550,VND,1,Thanh toán khi giao hàng,Đang xử lý,205000,,,,,8,16400,,7522393551116994320,8648765294494321413,Ecomobi MCN,,,,0,0,20/06/2026 18:11,23/06/2026 12:05,20/06/2026 18:11,23/06/2026 12:05,,26/06/2026 09:16,TTS
584631553299023430,1732251815880067292,"Sữa Tắm Pháp Le Petit Marseillais Cho Nam Chiết Xuất Thiên Nhiên 4in1 Nhiều Mùi Hương Dưỡng Ẩm, Thơm Lâu - Phù Hợp Mọi Loại Da (250ml)","Hương Gỗ Tuyết Tùng & Dương Xỉ, Standard",1732251749141219548,ST01172,205000,286850,VND,1,Thanh toán khi giao hàng,Đã hủy,205000,,,,,8,16400,,7522393551116994320,8648765294494321413,Ecomobi MCN,,,,0,0,21/06/2026 10:20,,21/06/2026 10:20,,,,TTS
584637724252538767,1732251815880067292,"Sữa Tắm Pháp Le Petit Marseillais Cho Nam Chiết Xuất Thiên Nhiên 4in1 Nhiều Mùi Hương Dưỡng Ẩm, Thơm Lâu - Phù Hợp Mọi Loại Da (250ml)","Hương Gỗ Tuyết Tùng & Dương Xỉ, Standard",1732251749141219548,ST01172,205000,286850,VND,1,Thanh toán khi giao hàng,Đang xử lý,205000,,,,,,,,7522393551116994320,8648765294494321413,Ecomobi MCN,8,16400,,0,0,21/06/2026 17:28,24/06/2026 20:50,21/06/2026 17:28,24/06/2026 20:50,,,TTS
584641787000751634,1732251815880067292,"Sữa Tắm Pháp Le Petit Marseillais Cho Nam Chiết Xuất Thiên Nhiên 4in1 Nhiều Mùi Hương Dưỡng Ẩm, Thơm Lâu - Phù Hợp Mọi Loại Da (250ml)","Hương Gỗ Tuyết Tùng & Dương Xỉ, Standard",1732251749141219548,ST01172,189000,289550,VND,1,Thanh toán khi giao hàng,Đang xử lý,189000,,,,,8,15120,,7522393551116994320,8648765294494321413,Ecomobi MCN,,,,0,0,21/06/2026 21:45,23/06/2026 22:00,21/06/2026 21:45,23/06/2026 22:00,,26/06/2026 11:07,TTS
584649540026074146,1732251815880067292,"Sữa Tắm Pháp Le Petit Marseillais Cho Nam Chiết Xuất Thiên Nhiên 4in1 Nhiều Mùi Hương Dưỡng Ẩm, Thơm Lâu - Phù Hợp Mọi Loại Da (250ml)","Hương Gỗ Tuyết Tùng & Dương Xỉ, Standard",1732251749141219548,ST01172,160650,282450,VND,1,Không áp dụng thanh toán khi giao hàng,Đang xử lý,160650,,,,,8,12852,,7522393551116994320,8648765294494321413,Ecomobi MCN,,,,0,0,22/06/2026 12:06,22/06/2026 12:06,22/06/2026 12:06,23/06/2026 08:34,,26/06/2026 10:43,TTS
584650491935360823,1732251815880067292,"Sữa Tắm Pháp Le Petit Marseillais Cho Nam Chiết Xuất Thiên Nhiên 4in1 Nhiều Mùi Hương Dưỡng Ẩm, Thơm Lâu - Phù Hợp Mọi Loại Da (250ml)","Hương Thông & Bạch Đàn Biển, Standard",1732251749141154012,ST01356,180400,279900,VND,1,Thanh toán khi giao hàng,Đang xử lý,180400,,,,,8,14432,,7522393551116994320,8648765294494321413,Ecomobi MCN,,,,0,0,22/06/2026 13:19,24/06/2026 15:02,22/06/2026 13:19,24/06/2026 15:02,,,TTS
584650812978332863,1732251815880067292,"Sữa Tắm Pháp Le Petit Marseillais Cho Nam Chiết Xuất Thiên Nhiên 4in1 Nhiều Mùi Hương Dưỡng Ẩm, Thơm Lâu - Phù Hợp Mọi Loại Da (250ml)","Hương Thông & Bạch Đàn Biển, Standard",1732251749141154012,ST01356,174250,295800,VND,1,Thanh toán khi giao hàng,Đang xử lý,174250,,,,,,,,7522393551116994320,8648765294494321413,Ecomobi MCN,8,13940,,0,0,22/06/2026 13:41,24/06/2026 16:36,22/06/2026 13:41,24/06/2026 16:36,,,TTS
584651940258677778,1732251815880067292,"Sữa Tắm Pháp Le Petit Marseillais Cho Nam Chiết Xuất Thiên Nhiên 4in1 Nhiều Mùi Hương Dưỡng Ẩm, Thơm Lâu - Phù Hợp Mọi Loại Da (250ml)","Hương Thông & Bạch Đàn Biển, Standard",1732251749141154012,ST01356,205000,289750,VND,1,Thanh toán khi giao hàng,Đã hủy,205000,,,,,8,16400,,7522393551116994320,8648765294494321413,Ecomobi MCN,,,,0,0,22/06/2026 14:58,,22/06/2026 14:59,,,,TTS
584654333651814045,1732250928810920156,"Sữa Tắm/Gel Tắm Pháp Le Petit Marseillais Thiên Nhiên 250ml - Sữa Tắm Lưu Hương Lành Tính - Dịu Nhẹ, An Toàn Cho Da","Quả Mâm Xôi & Hoa Mẫu Đơn, Standard",1732250914985052380,ST48441,205000,282450,VND,1,Thanh toán khi giao hàng,Đang xử lý,205000,,,,,,,,7522393551116994320,8648765294494321413,Ecomobi MCN,8,16400,,0,0,22/06/2026 18:07,24/06/2026 15:40,22/06/2026 18:07,24/06/2026 15:40,,,TTS
584660782234502528,1732251815880067292,"Sữa Tắm Pháp Le Petit Marseillais Cho Nam Chiết Xuất Thiên Nhiên 4in1 Nhiều Mùi Hương Dưỡng Ẩm, Thơm Lâu - Phù Hợp Mọi Loại Da (250ml)","Hương Cam & Tinh Dầu Argan, Standard",1732251749141022940,ST01431,184500,279900,VND,1,Không áp dụng thanh toán khi giao hàng,Đang xử lý,184500,,,,,,,,7522393551116994320,8648765294494321413,Ecomobi MCN,8,14760,,0,0,23/06/2026 05:02,23/06/2026 05:02,23/06/2026 05:02,24/06/2026 09:50,,25/06/2026 07:31,TTS
584662015915033952,1732250928810920156,"Sữa Tắm/Gel Tắm Pháp Le Petit Marseillais Thiên Nhiên 250ml - Sữa Tắm Lưu Hương Lành Tính - Dịu Nhẹ, An Toàn Cho Da","Dừa, Standard",1732250914985314524,ST54494,164000,295800,VND,1,Thanh toán khi giao hàng,Đã hủy,164000,,,,,,,,7522393551116994320,8648765294494321413,Ecomobi MCN,8,13120,,0,0,23/06/2026 07:43,,23/06/2026 07:43,,,,TTS
584666452649150124,1732250928810920156,"Sữa Tắm/Gel Tắm Pháp Le Petit Marseillais Thiên Nhiên 250ml - Sữa Tắm Lưu Hương Lành Tính - Dịu Nhẹ, An Toàn Cho Da","Vani, Standard",1732250914985183452,ST00526,174250,279900,VND,1,Không áp dụng thanh toán khi giao hàng,Đang xử lý,174250,,,,,,,,7522393551116994320,8648765294494321413,Ecomobi MCN,8,13940,,0,0,23/06/2026 13:13,23/06/2026 13:13,23/06/2026 13:13,24/06/2026 12:29,,25/06/2026 08:29,TTS
584672599897180127,1732250928810920156,"Sữa Tắm/Gel Tắm Pháp Le Petit Marseillais Thiên Nhiên 250ml - Sữa Tắm Lưu Hương Lành Tính - Dịu Nhẹ, An Toàn Cho Da","Xoài & Chanh Dây, Standard",1732250914984986844,ST99622,205000,289550,VND,1,Không áp dụng thanh toán khi giao hàng,Đang xử lý,205000,,,,,,,,7522393551116994320,8648765294494321413,Ecomobi MCN,8,16400,,0,0,23/06/2026 20:37,23/06/2026 20:38,23/06/2026 20:38,25/06/2026 14:36,,,TTS
584679389380969966,1732251815880067292,"Sữa Tắm Pháp Le Petit Marseillais Cho Nam Chiết Xuất Thiên Nhiên 4in1 Nhiều Mùi Hương Dưỡng Ẩm, Thơm Lâu - Phù Hợp Mọi Loại Da (250ml)","Hương Gỗ Tuyết Tùng & Dương Xỉ, Standard",1732251749141219548,ST01172,184500,279900,VND,1,Thanh toán khi giao hàng,Đang xử lý,184500,,,,,8,14760,,7522393551116994320,8648765294494321413,Ecomobi MCN,,,,0,0,24/06/2026 09:44,25/06/2026 13:54,24/06/2026 09:44,25/06/2026 13:54,,26/06/2026 11:41,TTS
584680196340287004,1732251815880067292,"Sữa Tắm Pháp Le Petit Marseillais Cho Nam Chiết Xuất Thiên Nhiên 4in1 Nhiều Mùi Hương Dưỡng Ẩm, Thơm Lâu - Phù Hợp Mọi Loại Da (250ml)","Hương Cam & Tinh Dầu Argan, Standard",1732251749141022940,ST01431,165000,286850,VND,1,Thanh toán khi giao hàng,Đang xử lý,165000,,,,,8,13200,,7522393551116994320,8648765294494321413,Ecomobi MCN,,,,0,0,24/06/2026 10:49,25/06/2026 09:10,24/06/2026 10:49,25/06/2026 09:10,,26/06/2026 08:40,TTS
584683020015797613,1732250928810920156,"Sữa Tắm/Gel Tắm Pháp Le Petit Marseillais Thiên Nhiên 250ml - Sữa Tắm Lưu Hương Lành Tính - Dịu Nhẹ, An Toàn Cho Da","Dừa, Standard",1732250914985314524,ST54494,173880,280300,VND,1,Không áp dụng thanh toán khi giao hàng,Đang xử lý,173880,,,,,,,,7522393551116994320,8648765294494321413,Ecomobi MCN,8,13910,,0,0,24/06/2026 14:04,24/06/2026 14:04,24/06/2026 14:04,26/06/2026 09:15,,,TTS
584683515625964621,1732251815880067292,"Sữa Tắm Pháp Le Petit Marseillais Cho Nam Chiết Xuất Thiên Nhiên 4in1 Nhiều Mùi Hương Dưỡng Ẩm, Thơm Lâu - Phù Hợp Mọi Loại Da (250ml)","Hương Thông & Bạch Đàn Biển, Standard",1732251749141154012,ST01356,140000,286850,VND,1,Thanh toán khi giao hàng,Đã hủy,140000,,,,,8,11200,,7522393551116994320,8648765294494321413,Ecomobi MCN,,,,0,0,24/06/2026 14:46,,24/06/2026 14:47,,,,TTS
584686144195298542,1732250928810920156,"Sữa Tắm/Gel Tắm Pháp Le Petit Marseillais Thiên Nhiên 250ml - Sữa Tắm Lưu Hương Lành Tính - Dịu Nhẹ, An Toàn Cho Da","Xoài & Chanh Dây, Standard",1732250914984986844,ST99622,175770,295800,VND,1,Thanh toán khi giao hàng,Đang xử lý,175770,,,,,,,,7522393551116994320,8648765294494321413,Ecomobi MCN,8,14062,,0,0,24/06/2026 18:04,,24/06/2026 18:04,,,,TTS
584703477789394255,1732251815880067292,"Sữa Tắm Pháp Le Petit Marseillais Cho Nam Chiết Xuất Thiên Nhiên 4in1 Nhiều Mùi Hương Dưỡng Ẩm, Thơm Lâu - Phù Hợp Mọi Loại Da (250ml)","Hương Gỗ Tuyết Tùng & Dương Xỉ, Standard",1732251749141219548,ST01172,205000,275950,VND,1,Thanh toán khi giao hàng,Đang xử lý,205000,,,,,,,,7522393551116994320,8648765294494321413,Ecomobi MCN,8,16400,,0,0,25/06/2026 19:31,,25/06/2026 19:32,,,,TTS
584710747971487708,1732250928810920156,"Sữa Tắm/Gel Tắm Pháp Le Petit Marseillais Thiên Nhiên 250ml - Sữa Tắm Lưu Hương Lành Tính - Dịu Nhẹ, An Toàn Cho Da","Hương Bông & Hoa Anh Túc, Standard",1732250914985117916,ST65434,189000,289550,VND,1,Thanh toán khi giao hàng,Đang xử lý,189000,,,,,,,,7522393551116994320,8648765294494321413,Ecomobi MCN,8,15120,,0,0,26/06/2026 08:54,,26/06/2026 08:54,,,,TTS
584716272437724489,1732251815880067292,"Sữa Tắm Pháp Le Petit Marseillais Cho Nam Chiết Xuất Thiên Nhiên 4in1 Nhiều Mùi Hương Dưỡng Ẩm, Thơm Lâu - Phù Hợp Mọi Loại Da (250ml)","Hương Gỗ Tuyết Tùng & Dương Xỉ, Standard",1732251749141219548,ST01172,205000,279900,VND,1,Thanh toán khi giao hàng,Đang xử lý,205000,,,,,,,,7522393551116994320,8648765294494321413,Ecomobi MCN,8,16400,,0,0,26/06/2026 15:22,,26/06/2026 15:22,,,,TTS
